"kitchen renovation"	49500
"home remodel"	135000
"designer kitchen designs"	135000
"pictures of the kitchen"	165000
"pictures of kitchen"	165000
"pictures of a kitchen"	165000
"pictures for kitchen"	165000
"pictures for a kitchen"	165000
"photos of kitchen"	165000
"photos for kitchen"	165000
"kitchen pictures"	165000
"kitchen photos"	165000
"to remodel kitchen"	201000
"to remodel a kitchen"	201000
"remodeling the kitchen"	201000
"remodeling kitchen"	201000
"remodeling a kitchen"	201000
"remodel the kitchen"	201000
"remodel kitchen"	201000
"remodel bathroom"	201000
"remodel a kitchen"	201000
"new kitchen"	201000
"kitchen remodeling is"	201000
"kitchen remodeling"	201000
"kitchen remodel"	201000
"kitchen new"	201000
"kitchen ideas"	201000
"kitchen designer"	201000
"kitchen countertops"	201000
"kitchen countertop"	201000
"kitchen and remodeling"	201000
"kitchen and remodel"	201000
"ideas kitchen"	201000
"ideas for the kitchen"	201000
"ideas for kitchen"	201000
"ideas for a kitchen"	201000
"how to remodel kitchen"	201000
"how to remodel a kitchen"	201000
"how to kitchen remodel"	201000
"designer kitchen"	201000
"countertops for kitchen"	201000
"bathroom remodel"	201000
"bathroom ideas"	201000
"bathroom designs"	201000
"bathroom cabinets"	201000
"bathroom cabinet"	201000
"bath remodeling"	201000
"bath remodel"	201000
"a new kitchen"	201000
"renovate"	246000
"how to renovate"	246000
"general contractor"	246000
"bathroom remodeling"	246000
"bathroom design"	246000
"renovation remodeling"	301000
"renovation and remodeling"	301000
"renovating"	301000
"remodeling renovation"	301000
"remodeling a home"	301000
"kitchen designs"	301000
"home remodeling"	301000
"designs of kitchen"	301000
"designs kitchen"	301000
"designs in kitchen"	301000
"granite countertops"	368000
"the kitchen design"	450000
"kitchen design kitchen design"	450000
"kitchen design"	450000
"how to design kitchen"	450000
"how to design a kitchen"	450000
"design kitchen"	450000
"design in kitchen"	450000
"design for kitchen"	450000
"design by kitchen"	450000
"design and kitchen"	450000
"design a kitchen"	450000
"bathroom vanity"	450000
"a kitchen design"	450000
"renovations"	550000
"bathroom vanities"	550000
"renovation"	673000
"kitchen cabinetry"	673000
"bathrooms"	673000
"kitchen cabinet"	823000
"remodel"	1000000
"kitchen cabinets kitchen cabinets"	1000000
"kitchen cabinets in"	1000000
"kitchen cabinets how to"	1000000
"kitchen cabinets"	1000000
"kitchen and cabinets"	1000000
"how to remodel"	1000000
"how to kitchen cabinets"	1000000
"cabinets for kitchen"	1000000
"cabinets and kitchen"	1000000
"remodeling how to"	1220000
"remodeling"	1220000
"kitchens"	1500000
"countertops"	1500000
"granite"	2740000
"cabinets"	5000000
"at kitchen"	13600000
"??""Keyword"""	"Local Monthly Searches"
